Workbook

Sheet Lisez-moi
B2: PILOTE MÉDICAL · QUALIFICATION & SUIVI
B3: Outil de gestion du pipeline pilote
B5: Cet outil sert à identifier, qualifier et suivre les médecins libéraux engagés (ou en cours d'engagement) dans le pilote Lugia. Il est partageable avec le collectif Lugia & Co.
B7: STRUCTURE DU CLASSEUR
B9: 1 · Pipeline
B10: Un lead par ligne, suivi du stade dans le funnel (1 à 8), prochaine action, owner.
B12: 2 · Scoring
B13: Grille de qualification : 3 familles de critères pondérées, notation 0-5 par critère, score total automatique.
B15: 3 · Activités
B16: Journal chronologique d'événements (email, appel, RDV, démo, restitution, chantier…).
B18: 4 · Métriques
B19: Tableau de bord : leads par stade, conversions, sources, score moyen.
... B44: Version 1.0 · Mai 2026 · Document de travail — Usage interne Lugia & Co

Sheet Pipeline
A1: ID | B1: Nom du contact | C1: Cabinet / Structure | D1: Spécialité | E1: Mode d'exercice | F1: Ville | G1: Département | H1: Source | I1: Date identification | J1: Stade | K1: Score qualif /100 | L1: Date dernier contact | M1: Prochaine action | N1: Date prochaine action | O1: Owner | P1: Notes
A2: P001 | B2: Dr. Marie Lemaire | C2: Cabinet Place Carnot | D2: Généraliste | E2: Groupe | F2: Lyon 2e | G2: 69 | H2: URPS | I2: 2026-05-12 | J2: 5 · Restitution faite | K2: =IFERROR(VLOOKUP(A2,Scoring!$B$8:$T$58,19,FALSE()),"") -> 85 | L2: 2026-05-22 | M2: Proposer signature pilote (3 chantiers) | N2: 2026-05-28 | O2: Sébastien | P2: Très engagée URPS, 12 ans installée, forte douleur conformité
A3: P002 | B3: Dr. Antoine Roussel | C3: MSP de Villeurbanne Sud | D3: Généraliste | E3: MSP | F3: Villeurbanne | G3: 69 | H3: Parrainage | I3: 2026-05-15 | J3: 3 · Intéressé | K3: =IFERROR(VLOOKUP(A3,Scoring!$B$8:$T$58,19,FALSE()),"") -> 68 | L3: 2026-05-24 | M3: Envoyer lien diagnostic + appel cadrage | N3: 2026-05-30 | O3: Sébastien | P3: Coordinateur MSP, 8 praticiens, intéressé par la conformité collective
A4: P003 | B4: Dr. Camille Bonnet | C4: Cabinet Cévennes | D4: Généraliste | E4: Solo | F4: Saint-Étienne | G4: 42 | H4: Congrès | I4: 2026-05-18 | J4: 1 · Identifié | K4: =IFERROR(VLOOKUP(A4,Scoring!$B$8:$T$58,19,FALSE()),"") -> 43 | M4: Premier contact à initier | N4: 2026-05-29 | O4: Collectif | P4: Rencontrée à CMGF, profil junior, à explorer
K5: =IFERROR(VLOOKUP(A5,Scoring!$B$8:$T$58,19,FALSE()),"")
K6: =IFERROR(VLOOKUP(A6,Scoring!$B$8:$T$58,19,FALSE()),"")
K7: =IFERROR(VLOOKUP(A7,Scoring!$B$8:$T$58,19,FALSE()),"")
K8: =IFERROR(VLOOKUP(A8,Scoring!$B$8:$T$58,19,FALSE()),"")
K9: =IFERROR(VLOOKUP(A9,Scoring!$B$8:$T$58,19,FALSE()),"")
K10: =IFERROR(VLOOKUP(A10,Scoring!$B$8:$T$58,19,FALSE()),"")
K11: =IFERROR(VLOOKUP(A11,Scoring!$B$8:$T$58,19,FALSE()),"")
K12: =IFERROR(VLOOKUP(A12,Scoring!$B$8:$T$58,19,FALSE()),"")
K13: =IFERROR(VLOOKUP(A13,Scoring!$B$8:$T$58,19,FALSE()),"")
K14: =IFERROR(VLOOKUP(A14,Scoring!$B$8:$T$58,19,FALSE()),"")
K15: =IFERROR(VLOOKUP(A15,Scoring!$B$8:$T$58,19,FALSE()),"")
K16: =IFERROR(VLOOKUP(A16,Scoring!$B$8:$T$58,19,FALSE()),"")
... K50: =IFERROR(VLOOKUP(A50,Scoring!$B$8:$T$58,19,FALSE()),"")

Sheet Scoring
B2: SCORING DE QUALIFICATION
B3: 3 familles · 13 critères · notation 0-5
B4: Ajustez les pondérations en ligne 5 (somme = 100). Les sous-totaux et le score total sont calculés automatiquement.
D5: Pondération Famille A | E5: 0.35 | F5: Pondération Famille B | G5: 0.3 | H5: Pondération Famille C | I5: 0.35 | J5: (somme = 100% requis)
B7: ID | C7: Lead (depuis Pipeline) | D7: A1 · Charge admin | E7: A2 · Conformité anxiogène | F7: A3 · IA informelle | G7: A4 · Maturité num. | H7: A5 · Ouverture WSF | I7: ΣA / 25 | J7: B1 · Engagement URPS/CPTS | K7: B2 · Réseau confrères | L7: B3 · Crédibilité territoire | M7: B4 · Volonté parrainer | N7: ΣB / 20 | O7: C1 · Temps disponible | P7: C2 · Accord feedback | Q7: C3 · Accord mention publique | R7: C4 · Référent équipe | S7: ΣC / 20 | T7: Score /100
B8: =IFERROR(Pipeline!A2,"") -> P001 | C8: =IFERROR(Pipeline!B2,"") -> Dr. Marie Lemaire | D8: 5 | E8: 4 | F8: 3 | G8: 4 | H8: 5 | I8: =IF(COUNT(D8:H8)=0,"",SUM(D8:H8)) -> 21 | J8: 4 | K8: 4 | L8: 4 | M8: 4 | N8: =IF(COUNT(J8:M8)=0,"",SUM(J8:M8)) -> 16 | O8: 4 | P8: 5 | Q8: 5 | R8: 4 | S8: =IF(COUNT(O8:R8)=0,"",SUM(O8:R8)) -> 18 | T8: =IFERROR(ROUND((I8/25*$E$5 + N8/20*$G$5 + S8/20*$I$5)*100,0),"") -> 85
B9: =IFERROR(Pipeline!A3,"") -> P002 | C9: =IFERROR(Pipeline!B3,"") -> Dr. Antoine Roussel | D9: 4 | E9: 3 | F9: 3 | G9: 3 | H9: 4 | I9: =IF(COUNT(D9:H9)=0,"",SUM(D9:H9)) -> 17 | J9: 4 | K9: 3 | L9: 3 | M9: 3 | N9: =IF(COUNT(J9:M9)=0,"",SUM(J9:M9)) -> 13 | O9: 3 | P9: 4 | Q9: 3 | R9: 4 | S9: =IF(COUNT(O9:R9)=0,"",SUM(O9:R9)) -> 14 | T9: =IFERROR(ROUND((I9/25*$E$5 + N9/20*$G$5 + S9/20*$I$5)*100,0),"") -> 68
B10: =IFERROR(Pipeline!A4,"") -> P003 | C10: =IFERROR(Pipeline!B4,"") -> Dr. Camille Bonnet | D10: 3 | E10: 2 | F10: 2 | G10: 2 | H10: 3 | I10: =IF(COUNT(D10:H10)=0,"",SUM(D10:H10)) -> 12 | J10: 2 | K10: 2 | L10: 2 | M10: 2 | N10: =IF(COUNT(J10:M10)=0,"",SUM(J10:M10)) -> 8 | O10: 2 | P10: 2 | Q10: 2 | R10: 2 | S10: =IF(COUNT(O10:R10)=0,"",SUM(O10:R10)) -> 8 | T10: =IFERROR(ROUND((I10/25*$E$5 + N10/20*$G$5 + S10/20*$I$5)*100,0),"") -> 43
B11: =IFERROR(Pipeline!A5,"") -> 0 | C11: =IFERROR(Pipeline!B5,"") -> 0 | I11: =IF(COUNT(D11:H11)=0,"",SUM(D11:H11)) | N11: =IF(COUNT(J11:M11)=0,"",SUM(J11:M11)) | S11: =IF(COUNT(O11:R11)=0,"",SUM(O11:R11)) | T11: =IFERROR(ROUND((I11/25*$E$5 + N11/20*$G$5 + S11/20*$I$5)*100,0),"")
B12: =IFERROR(Pipeline!A6,"") -> 0 | C12: =IFERROR(Pipeline!B6,"") -> 0 | I12: =IF(COUNT(D12:H12)=0,"",SUM(D12:H12)) | N12: =IF(COUNT(J12:M12)=0,"",SUM(J12:M12)) | S12: =IF(COUNT(O12:R12)=0,"",SUM(O12:R12)) | T12: =IFERROR(ROUND((I12/25*$E$5 + N12/20*$G$5 + S12/20*$I$5)*100,0),"")
B13: =IFERROR(Pipeline!A7,"") -> 0 | C13: =IFERROR(Pipeline!B7,"") -> 0 | I13: =IF(COUNT(D13:H13)=0,"",SUM(D13:H13)) | N13: =IF(COUNT(J13:M13)=0,"",SUM(J13:M13)) | S13: =IF(COUNT(O13:R13)=0,"",SUM(O13:R13)) | T13: =IFERROR(ROUND((I13/25*$E$5 + N13/20*$G$5 + S13/20*$I$5)*100,0),"")
B14: =IFERROR(Pipeline!A8,"") -> 0 | C14: =IFERROR(Pipeline!B8,"") -> 0 | I14: =IF(COUNT(D14:H14)=0,"",SUM(D14:H14)) | N14: =IF(COUNT(J14:M14)=0,"",SUM(J14:M14)) | S14: =IF(COUNT(O14:R14)=0,"",SUM(O14:R14)) | T14: =IFERROR(ROUND((I14/25*$E$5 + N14/20*$G$5 + S14/20*$I$5)*100,0),"")
B15: =IFERROR(Pipeline!A9,"") -> 0 | C15: =IFERROR(Pipeline!B9,"") -> 0 | I15: =IF(COUNT(D15:H15)=0,"",SUM(D15:H15)) | N15: =IF(COUNT(J15:M15)=0,"",SUM(J15:M15)) | S15: =IF(COUNT(O15:R15)=0,"",SUM(O15:R15)) | T15: =IFERROR(ROUND((I15/25*$E$5 + N15/20*$G$5 + S15/20*$I$5)*100,0),"")
B16: =IFERROR(Pipeline!A10,"") -> 0 | C16: =IFERROR(Pipeline!B10,"") -> 0 | I16: =IF(COUNT(D16:H16)=0,"",SUM(D16:H16)) | N16: =IF(COUNT(J16:M16)=0,"",SUM(J16:M16)) | S16: =IF(COUNT(O16:R16)=0,"",SUM(O16:R16)) | T16: =IFERROR(ROUND((I16/25*$E$5 + N16/20*$G$5 + S16/20*$I$5)*100,0),"")
B17: =IFERROR(Pipeline!A11,"") -> 0 | C17: =IFERROR(Pipeline!B11,"") -> 0 | I17: =IF(COUNT(D17:H17)=0,"",SUM(D17:H17)) | N17: =IF(COUNT(J17:M17)=0,"",SUM(J17:M17)) | S17: =IF(COUNT(O17:R17)=0,"",SUM(O17:R17)) | T17: =IFERROR(ROUND((I17/25*$E$5 + N17/20*$G$5 + S17/20*$I$5)*100,0),"")
B18: =IFERROR(Pipeline!A12,"") -> 0 | C18: =IFERROR(Pipeline!B12,"") -> 0 | I18: =IF(COUNT(D18:H18)=0,"",SUM(D18:H18)) | N18: =IF(COUNT(J18:M18)=0,"",SUM(J18:M18)) | S18: =IF(COUNT(O18:R18)=0,"",SUM(O18:R18)) | T18: =IFERROR(ROUND((I18/25*$E$5 + N18/20*$G$5 + S18/20*$I$5)*100,0),"")
B19: =IFERROR(Pipeline!A13,"") -> 0 | C19: =IFERROR(Pipeline!B13,"") -> 0 | I19: =IF(COUNT(D19:H19)=0,"",SUM(D19:H19)) | N19: =IF(COUNT(J19:M19)=0,"",SUM(J19:M19)) | S19: =IF(COUNT(O19:R19)=0,"",SUM(O19:R19)) | T19: =IFERROR(ROUND((I19/25*$E$5 + N19/20*$G$5 + S19/20*$I$5)*100,0),"")
B20: =IFERROR(Pipeline!A14,"") -> 0 | C20: =IFERROR(Pipeline!B14,"") -> 0 | I20: =IF(COUNT(D20:H20)=0,"",SUM(D20:H20)) | N20: =IF(COUNT(J20:M20)=0,"",SUM(J20:M20)) | S20: =IF(COUNT(O20:R20)=0,"",SUM(O20:R20)) | T20: =IFERROR(ROUND((I20/25*$E$5 + N20/20*$G$5 + S20/20*$I$5)*100,0),"")
B21: =IFERROR(Pipeline!A15,"") -> 0 | C21: =IFERROR(Pipeline!B15,"") -> 0 | I21: =IF(COUNT(D21:H21)=0,"",SUM(D21:H21)) | N21: =IF(COUNT(J21:M21)=0,"",SUM(J21:M21)) | S21: =IF(COUNT(O21:R21)=0,"",SUM(O21:R21)) | T21: =IFERROR(ROUND((I21/25*$E$5 + N21/20*$G$5 + S21/20*$I$5)*100,0),"")
B22: =IFERROR(Pipeline!A16,"") -> 0 | C22: =IFERROR(Pipeline!B16,"") -> 0 | I22: =IF(COUNT(D22:H22)=0,"",SUM(D22:H22)) | N22: =IF(COUNT(J22:M22)=0,"",SUM(J22:M22)) | S22: =IF(COUNT(O22:R22)=0,"",SUM(O22:R22)) | T22: =IFERROR(ROUND((I22/25*$E$5 + N22/20*$G$5 + S22/20*$I$5)*100,0),"")
... B57: =IFERROR(Pipeline!A51,"") -> 0 | C57: =IFERROR(Pipeline!B51,"") -> 0 | I57: =IF(COUNT(D57:H57)=0,"",SUM(D57:H57)) | N57: =IF(COUNT(J57:M57)=0,"",SUM(J57:M57)) | S57: =IF(COUNT(O57:R57)=0,"",SUM(O57:R57)) | T57: =IFERROR(ROUND((I57/25*$E$5 + N57/20*$G$5 + S57/20*$I$5)*100,0),"")
B62: RÉFÉRENTIEL DES CRITÈRES
B64: Famille A — Maturité & douleur (poids 35%)
B65: A1 · Charge admin perçue | C65: 0 = aucune douleur · 5 = douleur majeure exprimée spontanément
B66: A2 · Conformité anxiogène | C66: 0 = pas un sujet · 5 = anxiété forte RGPD/AI Act/HDS
B67: A3 · Usage informel d'IA | C67: 0 = aucun · 5 = usage régulier de ChatGPT/Copilot sans cadre
B68: A4 · Maturité numérique | C68: 0 = DPI minimal · 5 = équipé moderne, ouvert aux outils
B69: A5 · Ouverture au sujet 'système de travail' | C69: 0 = rejet · 5 = formule lui-même le besoin
B70: Famille B — Position réseau & influence (poids 30%)
B71: B1 · Engagement URPS / CPTS / syndicat | C71: 0 = aucun · 5 = rôle actif ou élu
B72: B2 · Réseau confrères actif | C72: 0 = isolé · 5 = recommandation régulière entre pairs
B73: B3 · Crédibilité dans son territoire | C73: 0 = inconnu · 5 = référent local (formation, presse, ordre)
B74: B4 · Volonté de parrainer | C74: 0 = refus · 5 = accord explicite + liste de confrères
B75: Famille C — Faisabilité opérationnelle pilote (poids 35%)
B76: C1 · Temps disponible | C76: 0 = aucun · 5 = 2h+/sem dédiées au pilote
B77: C2 · Accord de principe partage feedback | C77: 0 = refus · 5 = engagement écrit
B78: C3 · Accord mention publique référence | C78: 0 = refus · 5 = accepte témoignage + nom + photo
B79: C4 · Présence d'un référent équipe | C79: 0 = aucun · 5 = secrétaire ou associé dédié identifié

Sheet Activités
A1: Date | B1: ID lead | C1: Lead | D1: Type | E1: Résumé | F1: Auteur
A2: 2026-05-12 | B2: P001 | C2: =IFERROR(VLOOKUP(B2,Pipeline!$A$2:$B$500,2,FALSE()),"") -> Dr. Marie Lemaire | D2: Email | E2: Premier email d'introduction via URPS Rhône-Alpes | F2: Sébastien
A3: 2026-05-15 | B3: P001 | C3: =IFERROR(VLOOKUP(B3,Pipeline!$A$2:$B$500,2,FALSE()),"") -> Dr. Marie Lemaire | D3: Appel | E3: Cadrage 30 min, ouverture sur la charge admin et le RGPD | F3: Sébastien
A4: 2026-05-20 | B4: P001 | C4: =IFERROR(VLOOKUP(B4,Pipeline!$A$2:$B$500,2,FALSE()),"") -> Dr. Marie Lemaire | D4: Diagnostic | E4: Diagnostic complété en ligne, 18 min, score 72/100 | F4: Marie Lemaire
A5: 2026-05-22 | B5: P001 | C5: =IFERROR(VLOOKUP(B5,Pipeline!$A$2:$B$500,2,FALSE()),"") -> Dr. Marie Lemaire | D5: Restitution | E5: Restitution en visio, focus 2 chantiers prioritaires (RGPD + AI notice) | F5: Sébastien
A6: 2026-05-15 | B6: P002 | C6: =IFERROR(VLOOKUP(B6,Pipeline!$A$2:$B$500,2,FALSE()),"") -> Dr. Antoine Roussel | D6: Email | E6: Lien diagnostic envoyé après recommandation Marie Lemaire | F6: Sébastien
A7: 2026-05-18 | B7: P003 | C7: =IFERROR(VLOOKUP(B7,Pipeline!$A$2:$B$500,2,FALSE()),"") -> Dr. Camille Bonnet | D7: RDV | E7: Rencontre stand CMGF, profil junior intéressée, suite à initier | F7: Collectif
C8: =IFERROR(VLOOKUP(B8,Pipeline!$A$2:$B$500,2,FALSE()),"")
C9: =IFERROR(VLOOKUP(B9,Pipeline!$A$2:$B$500,2,FALSE()),"")
C10: =IFERROR(VLOOKUP(B10,Pipeline!$A$2:$B$500,2,FALSE()),"")
C11: =IFERROR(VLOOKUP(B11,Pipeline!$A$2:$B$500,2,FALSE()),"")
C12: =IFERROR(VLOOKUP(B12,Pipeline!$A$2:$B$500,2,FALSE()),"")
C13: =IFERROR(VLOOKUP(B13,Pipeline!$A$2:$B$500,2,FALSE()),"")
C14: =IFERROR(VLOOKUP(B14,Pipeline!$A$2:$B$500,2,FALSE()),"")
C15: =IFERROR(VLOOKUP(B15,Pipeline!$A$2:$B$500,2,FALSE()),"")
C16: =IFERROR(VLOOKUP(B16,Pipeline!$A$2:$B$500,2,FALSE()),"")
C17: =IFERROR(VLOOKUP(B17,Pipeline!$A$2:$B$500,2,FALSE()),"")
C18: =IFERROR(VLOOKUP(B18,Pipeline!$A$2:$B$500,2,FALSE()),"")
C19: =IFERROR(VLOOKUP(B19,Pipeline!$A$2:$B$500,2,FALSE()),"")
... C499: =IFERROR(VLOOKUP(B499,Pipeline!$A$2:$B$500,2,FALSE()),"")

Sheet Métriques
B2: TABLEAU DE BORD PILOTE
B3: Métriques du pipeline
B4: Mise à jour automatique depuis l'onglet Pipeline.
B6: 1 · FUNNEL
B8: Stade | C8: Nb leads | D8: % du total | E8: Conversion stade précédent
B9: 1 · Identifié | C9: =COUNTIF(Pipeline!$J$2:$J$500,"1 · Identifié") -> 1 | D9: =IFERROR(C9/$C$17,0) -> 0.33333333 | E9: —
B10: 2 · Contacté | C10: =COUNTIF(Pipeline!$J$2:$J$500,"2 · Contacté") -> 0 | D10: =IFERROR(C10/$C$17,0) -> 0 | E10: =IFERROR(C10/C9,0) -> 0
B11: 3 · Intéressé | C11: =COUNTIF(Pipeline!$J$2:$J$500,"3 · Intéressé") -> 1 | D11: =IFERROR(C11/$C$17,0) -> 0.33333333 | E11: =IFERROR(C11/C10,0) -> 0
B12: 4 · Diagnostic complété | C12: =COUNTIF(Pipeline!$J$2:$J$500,"4 · Diagnostic complété") -> 0 | D12: =IFERROR(C12/$C$17,0) -> 0 | E12: =IFERROR(C12/C11,0) -> 0
B13: 5 · Restitution faite | C13: =COUNTIF(Pipeline!$J$2:$J$500,"5 · Restitution faite") -> 1 | D13: =IFERROR(C13/$C$17,0) -> 0.33333333 | E13: =IFERROR(C13/C12,0) -> 0
B14: 6 · Pilote engagé | C14: =COUNTIF(Pipeline!$J$2:$J$500,"6 · Pilote engagé") -> 0 | D14: =IFERROR(C14/$C$17,0) -> 0 | E14: =IFERROR(C14/C13,0) -> 0
B15: 7 · Chantier en cours | C15: =COUNTIF(Pipeline!$J$2:$J$500,"7 · Chantier en cours") -> 0 | D15: =IFERROR(C15/$C$17,0) -> 0 | E15: =IFERROR(C15/C14,0) -> 0
B16: 8 · Référence formalisée | C16: =COUNTIF(Pipeline!$J$2:$J$500,"8 · Référence formalisée") -> 0 | D16: =IFERROR(C16/$C$17,0) -> 0 | E16: =IFERROR(C16/C15,0) -> 0
B17: TOTAL | C17: =SUM(C9:C16) -> 3
B20: 2 · SCORE
B22: Score moyen | C22: =IFERROR(AVERAGE(Pipeline!K2:K500),"") -> 65.333333
B23: Score médian | C23: =IFERROR(MEDIAN(Pipeline!K2:K500),"") -> 68
B24: Leads ≥ 70 (prioritaires) | C24: =COUNTIF(Pipeline!K2:K500,">=70") -> 1
B25: Leads 50-69 (à nourrir) | C25: =COUNTIFS(Pipeline!K2:K500,">=50",Pipeline!K2:K500,"<70") -> 1
B26: Leads < 50 (à différer) | C26: =COUNTIFS(Pipeline!K2:K500,"<50",Pipeline!K2:K500,">0") -> 1
B29: 3 · SOURCES
B31: URPS | C31: =COUNTIF(Pipeline!H2:H500,"URPS") -> 1 | D31: =IFERROR(C31/SUM($C$31:$C$38),0) -> 0.33333333
B32: Parrainage | C32: =COUNTIF(Pipeline!H2:H500,"Parrainage") -> 1 | D32: =IFERROR(C32/SUM($C$31:$C$38),0) -> 0.33333333
B33: Congrès | C33: =COUNTIF(Pipeline!H2:H500,"Congrès") -> 1 | D33: =IFERROR(C33/SUM($C$31:$C$38),0) -> 0.33333333
B34: LinkedIn | C34: =COUNTIF(Pipeline!H2:H500,"LinkedIn") -> 0 | D34: =IFERROR(C34/SUM($C$31:$C$38),0) -> 0
B35: Site web | C35: =COUNTIF(Pipeline!H2:H500,"Site web") -> 0 | D35: =IFERROR(C35/SUM($C$31:$C$38),0) -> 0
B36: Contact direct | C36: =COUNTIF(Pipeline!H2:H500,"Contact direct") -> 0 | D36: =IFERROR(C36/SUM($C$31:$C$38),0) -> 0
B37: Assureur RCP | C37: =COUNTIF(Pipeline!H2:H500,"Assureur RCP") -> 0 | D37: =IFERROR(C37/SUM($C$31:$C$38),0) -> 0
B38: Autre | C38: =COUNTIF(Pipeline!H2:H500,"Autre") -> 0 | D38: =IFERROR(C38/SUM($C$31:$C$38),0) -> 0
B41: 4 · MODES D'EXERCICE
B43: Solo | C43: =COUNTIF(Pipeline!E2:E500,"Solo") -> 1
B44: Groupe | C44: =COUNTIF(Pipeline!E2:E500,"Groupe") -> 1
B45: MSP | C45: =COUNTIF(Pipeline!E2:E500,"MSP") -> 1
B46: CPTS | C46: =COUNTIF(Pipeline!E2:E500,"CPTS") -> 0
B47: Salariat partiel | C47: =COUNTIF(Pipeline!E2:E500,"Salariat partiel") -> 0
B50: Note : les conversions de stade sont calculées comme "% du stade précédent" (lecture en cohorte « gross »). Pour une vraie analyse temporelle (cohortes mensuelles, vélocité), prévoir un onglet dédié en V2.
